CWYWESXI1,[Errno 11001] getaddrinfo failed 
CWYWESXI2,[Errno 11001] getaddrinfo failed 
SHMPVSC01,[Errno 11001] getaddrinfo failed 
TULBXECOAP01,[Errno 11001] getaddrinfo failed 
TULBXECOIF01,[Errno 11001] getaddrinfo failed 
TULDXECOIF01,[Errno 11001] getaddrinfo failed 
TULRXECOAP01,[Errno 11001] getaddrinfo failed 
TULRXECOAP02,[Errno 11001] getaddrinfo failed 
TULRXECOAP03,[Errno 11001] getaddrinfo failed 
TULRXECOAP04,[Errno 11001] getaddrinfo failed 
TULRXECOIF01,[Errno 11001] getaddrinfo failed 
TULTXECOAP01,[Errno 11001] getaddrinfo failed 
TULTXECOAP03,[Errno 11001] getaddrinfo failed 
TULTXECOAP04,[Errno 11001] getaddrinfo failed 
TULTXECODB01,[Errno 11001] getaddrinfo failed 
TULTXECOIF01,[Errno 11001] getaddrinfo failed 
TULVRHV01,[Errno 11001] getaddrinfo failed 
WGPHOUPHD02,[Errno 11001] getaddrinfo failed 
WMSHOUTGPLVM2,[Errno 11001] getaddrinfo failed 
