"Ip_Host","Host_ip"
"10.1.64.15","NOT FOUND"
" 10.1.133.138","NOT FOUND"
" 10.1.162.155","NOT FOUND"
" 10.1.162.190","ndepwftk01.williams.com"
" 10.1.162.193","ndepwftk02.williams.com"
" 10.1.163.197","conpwvp01.williams.com"
" 10.1.204.14","NOT FOUND"
" 10.2.73.11","NOT FOUND"
" 10.5.17.15","wgphmiva167staa.williams.com"
" 10.5.17.226","wgphmiva167tur.williams.com"
" 10.5.27.21","wgphmifl430staa.williams.com"
" 10.10.13.166","NOT FOUND"
" 10.10.40.121","NOT FOUND"
" 10.10.54.122","NOT FOUND"
" 10.10.55.121","NOT FOUND"
" 10.10.55.123","NOT FOUND"
" 10.10.65.13","NOT FOUND"
" 10.10.75.14","NOT FOUND"
" 10.10.112.110","ahors30008437.williams.com"
" 10.15.62.21","NOT FOUND"
" 10.26.1.32","tulpwpivis01.williams.com"
" 10.26.1.34","rctemp2.williams.com"
" 10.26.1.43","tulpwsqlpi02.williams.com"
" 10.26.1.48","tulpwpiaf02.williams.com"
" 10.26.1.61","wmstutpi01.williams.com"
" 10.26.1.75","tulpwtrncls05.williams.com"
" 10.26.1.79","tulpwsplic01.williams.com"
" 10.26.1.84","wmstutpiap02.williams.com"
" 10.26.1.116","tulpwpicol01.williams.com"
" 10.26.1.136","tulpwaut02.williams.com"
" 10.26.1.175","tulpwdvtdmtt01.williams.com"
" 10.26.1.204","NOT FOUND"
" 10.26.1.240","tulpwpits01.williams.com"
" 10.26.1.248","tulpwavalm01.williams.com"
" 10.27.2.101","NOT FOUND"
" 10.27.2.156","NOT FOUND"
" 10.27.3.245","tultwpoccls01.wmbs.io"
" 10.27.9.16","tuldwabat01.williams.com"
" 10.27.9.32","tulpwsqlsadm01.williams.com"
" 10.27.9.81","tultwpptst01.williams.com"
" 10.27.9.90","tulpwsvamt01.wmbs.io"
" 10.27.13.31","NOT FOUND"
" 10.27.13.34","NOT FOUND"
" 10.27.13.39","wmstutdhis1.williams.com"
" 10.27.13.51","NOT FOUND"
" 10.27.13.233","wmstuttrts1.williams.com"
" 10.27.19.25","tulpwsqlscaq01.williams.com"
" 10.27.128.14","tulpwtrncls01-r.wmbs.io"
" 10.27.128.110","tulpwlogssma01.wmbs.io"
" 10.27.129.10","tulpwtrnacm01.wmbs.io"
" 10.27.129.90","tulpwsesi01.wmbs.io"
" 10.27.129.150","tulpwssql01.wmbs.io"
" 10.27.150.10","tultwtrncls01.wmbs.io"
" 10.27.150.27","tuldwdlu01.wmbs.io"
" 10.27.150.30","tultwgpcls01.wmbs.io"
" 10.27.150.35","tulqwsesi01.wmbs.io"
" 10.27.150.50","tuldwtrncls01.wmbs.io"
" 10.27.150.53","tuldwgpcls01.wmbs.io"
" 10.27.150.60","tuldwtrnign01.wmbs.io"
" 10.27.150.63","tuldwgpign01.wmbs.io"
" 10.27.150.150","tuldwssql01.wmbs.io"
" 10.27.150.160","tulqwssql01.wmbs.io"
" 10.27.151.20","tulswcls03.wmbssbx.io"
" 10.27.151.90","tulswesi01.wmbssbx.io"
" 10.42.0.50","slcpwtrncls03.wmbs.io"
" 10.46.250.35","NOT FOUND"
" 10.46.250.53","NOT FOUND"
" 10.47.4.31","NOT FOUND"
" 10.90.96.22","scadadev01.accessmidstream.net"
" 10.90.97.20","scadatst01.accessmidstream.net"
" 10.90.98.27","unk"
" 10.90.98.41","NOT FOUND"
" 10.90.98.47","NOT FOUND"
" 10.90.98.60","NOT FOUND"
" 10.90.99.25","tulpwcscol01.williams.com"
" 10.90.196.30","NOT FOUND"
" 10.90.198.20","scadaprd07.accessmidstream.net"
" 10.90.198.31","tulpscadadc01.accessmidstream.net"
" 10.90.198.33","NOT FOUND"
" 10.90.198.40","NOT FOUND"
" 10.90.198.50","NOT FOUND"
" 10.90.199.21","scadaprd09.accessmidstream.net"
" 10.90.199.23","tulpscadardp02.williams.com"
" 10.92.50.15","NOT FOUND"
" 10.93.2.5","NOT FOUND"
" 10.93.133.190","srspwftk01.williams.com"
" 10.93.133.193","srspwftk02.williams.com"
" 10.100.9.43","NOT FOUND"
" 10.100.130.42","NOT FOUND"
" 10.101.1.75","NOT FOUND"
" 10.101.63.57","NOT FOUND"
" 10.101.63.62","NOT FOUND"
" 10.101.63.130","wilpwpicol01.williams.com"
" 10.102.4.132","willbrown17.williams.com"
" 10.102.4.171","lmm-brown.williams.com"
" 10.102.48.141","lmm-pritts.williams.com"
" 10.102.76.140","NOT FOUND"
" 10.102.84.13","moupwygav01.williams.com"
" 10.102.84.20","wmsmoudmz01.williams.com"
" 10.102.84.41","moupwpicol01.williams.com"
" 10.102.85.103","NOT FOUND"
" 10.102.85.152","NOT FOUND"
" 10.102.85.188","NOT FOUND"
" 10.102.109.18","wmsovmcorlhmi2.williams.com"
" 10.102.109.20","NOT FOUND"
" 10.102.192.50","NOT FOUND"
" 10.104.12.87","wgphmitxmardev.williams.com"
" 10.104.18.19","cnlpwwin911.williams.com"
" 10.104.74.41","wmsovmdnglhmi2.williams.com"
" 10.104.94.50","NOT FOUND"
" 10.104.100.25","NOT FOUND"
" 10.104.100.28","NOT FOUND"
" 10.104.100.52","NOT FOUND"
" 10.104.100.57","dvpatchmgr.williams.com"
" 10.104.100.62","NOT FOUND"
" 10.104.100.136","rwassetcntr.williams.com"
" 10.104.126.50","NOT FOUND"
" 10.104.144.30","NOT FOUND"
" 10.104.144.149","mcovm50051278.williams.com"
" 10.104.144.156","mcovm50051362.williams.com"
" 10.104.144.216","blrpw911a.williams.com"
" 10.104.146.160","wmsovm4inhmi1.williams.com"
" 10.104.162.50","NOT FOUND"
" 10.104.170.20","wmsgs1fs01.williams.com"
" 10.104.170.138","mmobr15001875.williams.com"
" 10.104.171.70","gsrpwpicol01.williams.com"
" 10.104.172.180","NOT FOUND"
" 10.104.172.190","NOT FOUND"
" 10.104.172.201","NOT FOUND"
" 10.104.185.50","NOT FOUND"
" 10.104.190.50","NOT FOUND"
" 10.104.197.50","NOT FOUND"
" 10.104.201.50","NOT FOUND"
" 10.104.205.50","NOT FOUND"
" 10.104.223.19","NOT FOUND"
" 10.104.223.27","NOT FOUND"
" 10.104.242.50","NOT FOUND"
" 10.104.246.50","NOT FOUND"
" 10.104.250.50","NOT FOUND"
" 10.104.254.22","wmsovmwggshmi1.williams.com"
" 10.105.57.50","NOT FOUND"
" 10.105.61.50","NOT FOUND"
" 10.105.65.50","NOT FOUND"
" 10.105.106.14","NOT FOUND"
" 10.105.130.10","NOT FOUND"
" 10.105.132.14","wmsdnvmsfs01.williams.com"
" 10.105.134.30","NOT FOUND"
" 10.105.139.132","hyrpwvid01.williams.com"
" 10.106.11.7","plypwpicol01.williams.com"
" 10.107.97.20","wgphmila042staa.williams.com"
" 10.107.97.25","wgphmila042tur.williams.com"
" 10.107.125.10","wgphmiga115staa.williams.com"
" 10.107.125.15","wgphouhmi115u01.williams.com"
" 10.107.125.18","wgphouhmi115u02.williams.com"
" 10.107.125.21","wgphouhmi115u03.williams.com"
" 10.107.141.21","wgphmial105staa.williams.com"
" 10.107.141.37","wgphmial105tur.williams.com"
" 10.107.185.20","wgphouhmi190u01.williams.com"
" 10.107.185.24","wgphouhmi190u02.williams.com"
" 10.107.185.28","wgphouhmi190u03.williams.com"
" 10.107.185.32","wgphouhmi190u04.williams.com"
" 10.107.185.36","wgphouhmi190u05.williams.com"
" 10.107.185.40","wgphouhmi190u06.williams.com"
" 10.107.185.44","wgphouhmi190u07.williams.com"
" 10.107.185.48","wgphouhmi190u08.williams.com"
" 10.107.185.52","wgphouhmi190u09.williams.com"
" 10.107.185.56","wgphouhmi190u10.williams.com"
" 10.107.185.60","wgphouhmi190u11.williams.com"
" 10.107.185.64","wgphouhmi190u12.williams.com"
" 10.107.185.112","wgphmimd190staa.williams.com"
" 10.107.185.142","wgphmimd190tur.williams.com"
" 10.107.213.21","wgphouhmi083tur.williams.com"
" 10.108.34.233","NOT FOUND"
" 10.108.36.105","dbxvf482.williams.com"
" 10.108.36.200","NOT FOUND"
" 10.108.42.11","cwypwpicol01.williams.com"
" 10.108.165.104","NOT FOUND"
" 10.109.0.58","mcovm50051360.williams.com"
" 10.109.0.127","mcovm30006009.williams.com"
" 10.109.0.147","wmsovmintops1a.williams.com"
" 10.109.0.162","wmsovmoggptms1.williams.com"
" 10.109.0.201","mcovm30006947.williams.com"
" 10.109.3.32","wmsovmfbgphmi8.williams.com"
" 10.109.3.199","gjm7kh2.williams.com"
" 10.109.4.2","ogppwts01.williams.com"
" 10.109.4.13","ogppwygav01.williams.com"
" 10.109.4.30","ogppwpicol01.williams.com"
" 10.109.16.35","minint-fma0pmf.williams.com"
" 10.109.16.68","mcovm15006160.williams.com"
" 10.109.16.102","NOT FOUND"
" 10.109.16.136","NOT FOUND"
" 10.109.20.20","NOT FOUND"
" 10.109.32.32","mcovm15007896.williams.com"
" 10.109.32.122","moupwvid01.williams.com"
" 10.109.32.148","mcovm50081098.williams.com"
" 10.109.32.157","mcovm15001502.williams.com"
" 10.109.32.196","mcovm50051377a.williams.com"
" 10.109.32.213","mcovm15006664.williams.com"
" 10.109.52.50","NOT FOUND"
" 10.109.148.24","NOT FOUND"
" 10.110.17.58","wgphmipa535staa.williams.com"
" 10.110.17.71","wgphmipa535stab.williams.com"
" 10.110.177.98","wgphmila050staa.williams.com"
" 10.110.198.130","stkpwpicol01.williams.com"
" 10.111.81.20","wgphminc145staa.williams.com"
" 10.111.118.15","wgphmims077staa.williams.com"
" 10.111.134.22","moopwpicol01.williams.com"
" 10.112.93.10","ueopwpicol01.williams.com"
" 10.138.12.20","wgphmipa605staa.williams.com"
" 10.138.12.25","wgphmipa605emd.williams.com"
" 10.138.16.20","wgphmipa610staa.williams.com"
" 10.138.16.25","wgphmipa610emd.williams.com"
" 10.138.20.33","wgphmitx017staa.williams.com"
" 10.138.20.40","wgphmitx017tur.williams.com"
" 10.138.46.15","wgphmitx032staa.williams.com"
" 10.139.0.16","NOT FOUND"
" 10.139.8.17","NOT FOUND"
" 10.139.48.16","NOT FOUND"
" 10.139.64.17","bshpwrshhmi02.williams.com"
" 10.139.100.10","higpwhmi01.williams.com"
" 10.139.100.16","NOT FOUND"
" 10.140.106.50","NOT FOUND"
" 10.141.18.70","njclsstahmivapor.williams.com"
" 10.141.18.126","carpw240wwh01.williams.com"
" 10.141.18.129","njclsrefrigeration_hmi.williams.com"
" 10.142.62.77","NOT FOUND"
" 10.143.55.11","gepwhmi60.williams.com"
" 10.143.65.11","gepwhmi56.wmbics.com"
" 10.160.2.130","NOT FOUND"
" 10.201.1.101","wmsdcxsdc01.williams.com"
" 10.201.1.106","wmsdcxeng1.williams.com"
" 10.201.1.126","NOT FOUND"
" 10.201.1.132","dcxpwesi01.williams.com"
" 10.201.1.206","wmsdcxxos107.williams.com"
" 10.201.1.220","NOT FOUND"
" 10.201.2.140","wmsdcxbkr1.williams.com"
" 10.201.2.145","wmsdcxacm01.williams.com"
" 10.201.2.191","wmsdcxdss1.williams.com"
" 10.201.2.225","NOT FOUND"
" 10.248.98.18","srshpwapp01.williams.com"
" 10.248.98.30","wmsovmwwdev01.williams.com"
" 10.248.98.32","ovmpwapp03.williams.com"
" 10.248.98.38","lmmpwwillinfo1.williams.com"
" 10.248.98.41","willhist2.williams.com"
" 10.248.98.43","willinfo.williams.com"
" 10.248.98.55","tulpwgrhst01.williams.com"
" 23.195.69.111","a23-195-69-111.deploy.static.akamaitechnologies.com"
" 23.202.231.169","a23-202-231-169.deploy.static.akamaitechnologies.com"
" 23.217.138.110","a23-217-138-110.deploy.static.akamaitechnologies.com"
" 150.200.102.13","wgphmial100staa.williams.com"
" 150.200.102.26","wgphouhmi100tur.williams.com"
" 150.200.102.224","wgphouhmi100u11.williams.com"
" 150.200.104.9","wgphouhmi030a.williams.com"
" 150.200.109.10","wgphouhmi054a.williams.com"
" 150.200.109.16","wgphmila054stab.williams.com"
" 150.200.109.212","wgphouhmi054u02.wmbics.com"
" 150.200.112.13","wgphmims070staa.williams.com"
" 150.200.112.46","wgphmims070tur.williams.com"
" 150.200.113.9","wgphouhmi080a.williams.com"
" 150.200.113.16","wgphmims080tur.williams.com"
" 150.200.114.15","wgphouhmi082a.williams.com"
" 150.200.114.67","wgphouhmi082tur.williams.com"
" 150.200.117.9","wgphouhmi140a.williams.com"
" 150.200.117.130","wgphmisc140t15.williams.com"
" 150.200.117.144","wgphouhmi140u14.williams.com"
" 150.200.121.12","wgphminc160staa.williams.com"
" 150.200.121.18","wgphminc161stab.williams.com"
" 150.200.126.15","wgphmiva180staa.williams.com"
" 150.200.126.114","wgphouhmi180u14.williams.com"
" 150.200.140.11","wgphminjlinstaa.williams.com"
" 161.245.25.25","wgpslc05-temp.williams.com"
" 161.245.25.80","wmsslcdc02.williams.com"
" 161.245.66.40","wgphmiutvrnstaa.williams.com"
" 161.245.68.40","wgphmicolpbstaa.williams.com"
" 161.245.74.15","NOT FOUND"
" 161.245.84.40","wgphmiutcisstaa.williams.com"
" 161.245.88.20","NOT FOUND"
" 161.245.88.40","wgphmicoplvstaa.williams.com"
" 161.245.96.40","wgphmiwygrrstaa.williams.com"
" 161.245.103.40","wgphmiwymb3staa.wmbics.com"
" 161.245.119.20","NOT FOUND"
" 161.245.126.40","wgphmiidburstaa.williams.com"
" 161.245.133.11","NOT FOUND"
" 161.245.133.40","wgphmiidlavstaa.williams.com"
" 161.245.140.11","NOT FOUND"
" 161.245.144.11","NOT FOUND"
" 161.245.146.20","NOT FOUND"
" 161.245.148.20","NOT FOUND"
" 161.245.150.15","NOT FOUND"
" 161.245.154.13","NOT FOUND"
" 161.245.154.40","wgphmiororcstaa.williams.com"
" 161.245.166.20","NOT FOUND"
" 161.245.166.40","wgphmiwawglstaa.wmbics.com"
" 161.245.168.40","wgphmiwachestaa.wmbics.com"
" 161.245.168.60","wgphmiwajpmstaa.williams.com"
" 161.245.170.40","wgphmiwagolstaa.wmbics.com"
" 161.245.172.20","NOT FOUND"
" 161.245.172.40","wgphmiwamesstaa.wmbics.com"
" 161.245.174.40","wgphmiormecstaa.wmbics.com"
" 161.245.176.40","wgphmiwarosstaa.williams.com"
" 161.245.178.40","wgphmiwawilstaa.williams.com"
" 161.245.181.11","NOT FOUND"
" 161.245.181.40","wgphmiorwncstaa.williams.com"
" 161.245.186.11","NOT FOUND"
" 161.245.186.20","NOT FOUND"
" 161.245.186.40","wgphmioralbstaa.williams.com"
" 161.245.188.12","NOT FOUND"
" 161.245.188.40","wgphmiwatumstaa.williams.com"
" 161.245.190.11","NOT FOUND"
" 161.245.192.14","NOT FOUND"
" 161.245.194.20","NOT FOUND"
" 161.245.194.40","wgphmiwasmrstaa.williams.com"
" 161.245.196.40","wgphmiwasnhstaa.williams.com"
" 161.245.199.17","NOT FOUND"
" 161.245.199.19","NOT FOUND"
" 161.245.199.40","wgphmiwasusstaa.williams.com"
" 161.245.199.43","wgphmiwasusstab.williams.com"
" 161.245.199.197","sumpwvid01.williams.com"
" 161.245.199.200","wgpslcsus.williams.com"
" 171.31.171.23","NOT FOUND"
" 172.20.19.131","emarm50061741.williams.com"
" 172.20.19.190","NOT FOUND"
" 172.20.19.195","wgphmitxmaryell.wmbics.com"
" 172.20.19.198","NOT FOUND"
" 172.20.19.206","wgphmitxmarctr4.wmbics.com"
" 172.20.19.237","wgphmitxmarmcc2.wmbics.com"
" 172.20.32.27","wgphmilashrstaa.williams.com"
" 172.20.35.58","NOT FOUND"
" 172.20.37.35","wgphmitx024staa.wmbics.com"
" 172.20.37.63","wgphmitx024stab.wmbics.com"
" 172.20.45.22","wgphmial082mbay.williams.com"
" 172.20.45.24","wgphmial410mbay.wmbics.com"
" 172.20.45.27","NOT FOUND"
" 172.20.45.32","wmsmobcol1.williams.com"
" 172.20.45.53","mobpwopc01.williams.com"
" 172.20.45.77","NOT FOUND"
" 172.20.45.109","mobpwpicol01.williams.com"
" 172.20.47.40","wgphmila063staa.williams.com"
" 172.20.64.130","ss-mp261a_cellar_hmi2.williams.com"
" 172.20.64.133","wgphmimp261stad.wmbics.com"
" 172.20.109.29","wgphmitxlabb.williams.com"
" 172.20.109.72","wgphmitxlabd.williams.com"
" 172.20.109.101","NOT FOUND"
" 172.20.109.163","NOT FOUND"
" 172.20.109.169","wgphmipa607staa.wmbics.com"
" 172.20.109.192","NOT FOUND"
" 172.22.75.114","bpdmaster1.williams.com"
" 172.22.76.13","NOT FOUND"
" 172.22.76.145","opc_stn0262.williams.com"
" 172.22.76.149","opapwasc01.williams.com"
" 172.22.76.205","wyopa_exa_opc.williams.com"
" 172.22.77.13","eespg60001184a.williams.com"
" 172.22.77.44","wampwbk01.williams.com"
" 172.22.77.159","NOT FOUND"
" 172.22.77.163","NOT FOUND"
" 172.22.77.168","wampwpicol01.williams.com"
" 172.22.106.4","NOT FOUND"
" 172.22.106.49","opal-scada-view.williams.com"
" 172.22.111.40","stn0158.williams.com"
" 172.22.137.35","opapwarmgrd01.williams.com"
" 172.24.2.170","NOT FOUND"
" 172.26.142.12","wmslarfs1.williams.com"
" 172.26.142.52","wmslarcol1.williams.com"
" 172.26.142.54","foxaw1.williams.com"
" 172.26.142.62","larpwpicol01.williams.com"
" 172.26.142.77","wmsparcol1.williams.com"
" 172.26.142.120","parpwpicol01.williams.com"
" 172.26.143.121","wgphmilalarops1.williams.com"
" 172.26.143.147","wgphmilalarops2.williams.com"
" 172.26.149.145","wmscwytms04c.williams.com"
" 172.26.149.148","wmscwytms04.williams.com"
" 172.26.149.150","cwypwsgw01.williams.com"
" 172.26.149.153","cwypwsql02.williams.com"
" 172.26.170.13","wgphmitx014staa.wmbics.com"
" 172.26.190.42","tuldwwwrntm01.williams.com"
" 172.26.191.62","wmstutopc02.williams.com"
" 172.26.191.106","wmstuteng1.williams.com"
" 172.26.191.137","wmstutxos111.williams.com"
" 172.26.191.139","wmstutxos114.williams.com"
" 172.26.191.154","tulpwsilm00.williams.com"
" 172.26.191.160","wmstutxos112.williams.com"
" 172.26.191.183","wmstutdes101.williams.com"
" 172.26.191.189","wmstutxos107.williams.com"
" 172.26.191.220","wmstutxos106.williams.com"
" 172.26.191.222","wmstutcol2.williams.com"
" 172.26.191.239","NOT FOUND"
" 172.26.192.22","wmstutpits01.williams.com"
" 172.26.192.56","lmmpwacplc01.williams.com"
" 172.26.192.63","wmstutdevdss1.williams.com"
" 172.26.192.88","tuldwab03.williams.com"
" 172.26.192.90","tuldwact01.williams.com"
" 172.26.192.110","wmstutmes1.williams.com"
" 172.26.192.123","tuldwevsql01.williams.com"
" 172.26.192.168","wmstutdevpi01.williams.com"
" 172.26.192.191","wmstutdss1.williams.com"
" 172.26.192.202","wmstutsup02.williams.com"
" 172.26.192.228","wmstutdacm02.williams.com"
" 172.26.192.230","tultwtpcls02.williams.com"
" 172.26.192.249","NOT FOUND"
" 172.26.200.167","NOT FOUND"
" 172.29.2.150","NOT FOUND"
" 172.29.12.147","NOT FOUND"
" 172.29.12.150","NOT FOUND"
" 172.29.12.156","NOT FOUND"
" 172.29.17.130","NOT FOUND"
" 172.30.7.25","NOT FOUND"
" 172.30.7.66","tgpl-pccrxs3.williams.com"
" 172.30.7.201","tgpl-pccfs01.williams.com"
" 172.30.8.30","tgpl-pccwsus01.williams.com"
" 172.30.9.61","tgpl-bccdc2.williams.com"
" 172.30.9.71","tgpl-bcchis2.williams.com"
" 172.30.9.122","NOT FOUND"
" 172.30.130.27","wgphmila044staa.williams.com"
" 172.30.130.61","wgphmila044stab.williams.com"
" 172.30.130.66","wgphmila044tur.williams.com"
" 172.30.200.22","scbel135hmi.williams.com"
" 172.30.200.25","wgphmiga135tur.williams.com"
" 172.30.205.15","wgphminj205staa.williams.com"
" 172.31.36.15","wgphmiva170staa.williams.com"
" 172.31.36.201","wgphouhmi170u01.williams.com"
" 172.31.78.9","wgphmitx040staa.williams.com"
" 172.31.78.202","wgphouhmi040u02.williams.com"
" 172.31.81.15","wgphminc155staa.williams.com"
" 172.31.83.15","wgphmipa195staa.williams.com"
" 172.31.87.34","wgphmiva175staa.williams.com"
" 172.31.87.38","wgphouhmi175u01.williams.com"
" 172.31.87.61","wgphmiva175tur.williams.com"
" 172.31.90.23","wgphmial090stab.williams.com"
" 172.31.96.23","wgphmial095staa.williams.com"
" 172.31.96.39","wgphmial095tur2.williams.com"
" 172.31.108.150","wgphmila045staa.williams.com"
" 172.31.111.5","wgphmial410ifl.wmbics.com"
" 172.31.111.20","wgphmial410s082.williams.com"
" 172.31.111.58","wgphmial410grb.williams.com"
" 172.31.111.60","wgphmial410unt.williams.com"
" 172.31.111.65","wgphmial410hist.williams.com"
" 172.31.111.77","wgphouhmial410u01.williams.com"
" 172.31.111.79","100-hmi-1100.williams.com"
" 172.31.111.81","wgphouhmial410u03.williams.com"
" 172.31.114.15","wgphmiga120staa.williams.com"
" 172.31.114.209","wgphouhmi120u09.williams.com"
" 172.31.117.11","wgphmiga130tur.williams.com"
" 172.31.117.15","wgphmiga130staa.williams.com"
" 172.31.120.99","NOT FOUND"
" 172.31.123.140","wgphouhmi165u11.williams.com"
" 172.31.123.211","NOT FOUND"
" 172.31.128.5","NOT FOUND"
" 172.31.128.42","wgphmiva185u11.williams.com"
" 172.31.128.205","wgphouhmi185u05.williams.com"
" 172.31.135.15","wgphmial110staa.williams.com"
" 172.31.135.22","wgphmial110t16.williams.com"
" 172.31.135.82","NOT FOUND"
" 172.31.135.98","NOT FOUND"
" 172.31.142.15","alroc085hmi.williams.com"
" 172.31.142.47","alroc085solarworkstation.williams.com"
" 172.31.145.15","wgphmitx035staa.wmbics.com"
" 172.31.162.21","wgphminc161staa.williams.com"
" 172.31.171.15","wgphminj207staa.williams.com"
" 172.31.176.15","wgphmiga125staa.williams.com"
" 172.31.176.22","wgphmiga125tur.williams.com"
" 172.31.188.20","wgphmipa520staa.williams.com"
" 172.31.188.42","wgphmipa520tur.williams.com"
" 172.31.188.106","wgphmipa520stac.williams.com"
" 172.31.188.110","wgphmipa520tur9.williams.com"
" 172.31.192.39","wgphminj303staa.williams.com"
" 172.31.192.66","wgphminj303emd.williams.com"
" 172.31.221.15","wgphmila060staa.williams.com"
" 172.31.221.28","wgphouhmi060tur.williams.com"
" 172.31.236.15","wgphmila065staa.williams.com"
" 172.31.237.107","wgphmipa515tur7.williams.com"
" 172.31.237.152","wgphmipa515tur6.williams.com"
" 172.31.241.20","wgphmipa517staa.williams.com"
" 172.31.241.29","wgphmipa517stab.williams.com"
" 172.31.241.39","wgphmipa517tur1.williams.com"
" 172.31.241.43","wgphmipa517tur6.williams.com"
" 10.1.162.196","ndepwhis01.williams.com"
"10.1.162.197","ndepwvp01.williams.com"
" 10.2.87.14","NOT FOUND"
"10.2.87.15","NOT FOUND"
" 10.10.112.8","NOT FOUND"
"10.10.112.9","ahors15001222.williams.com"
" 10.26.1.5","tulpwnwaut03.williams.com"
"10.26.1.6","tuldwidw01.williams.com"
" 10.26.1.11","tuldwnd01.williams.com"
" 10.26.1.15","tulpwctxpcs01.williams.com"
" 10.26.1.18","wmstutdc04new.williams.com"
" 10.26.1.21","tulpwsqlctx01.williams.com"
" 10.26.1.39","tulpwaut06.williams.com"
" 10.26.1.55","tuldwsqlscais01.williams.com"
" 10.26.1.58","tuldwignssa02.williams.com"
" 10.26.1.63","tulpwpiseeq01.williams.com"
" 10.26.1.89","tulpwsqladm01.williams.com"
"10.26.1.12","wmstutplic01.williams.com"
"10.26.1.16","tulpwctxpcs02.williams.com"
"10.26.1.19","tuldwkfx02.williams.com"
"10.26.1.22","marshresourcesdev.williams.com"
"10.26.1.40","tulpwbfx01.williams.com"
"10.26.1.56","tulpwsqlscais01.williams.com"
"10.26.1.59","tuldwignssa01.williams.com"
"10.26.1.66","wmstutgasd03.williams.com"
"10.26.1.90","tulpwstrncvx01.williams.com"
" 10.26.1.206","wmstutpqst05.williams.com"
" 10.27.2.15","NOT FOUND"
"10.26.1.207","wmstutpqst06.williams.com"
"10.27.2.16","NOT FOUND"
" 10.27.2.63","NOT FOUND"
"10.27.2.64","NOT FOUND"
" 10.27.2.169","NOT FOUND"
"10.27.2.170","NOT FOUND"
" 10.27.9.20","tuldwabat02.williams.com"
"10.27.9.21","tuldwhmi01.williams.com"
" 10.27.9.110","wmstutrpt01.williams.com"
" 10.27.9.113","tuldwmeskep01.williams.com"
" 10.27.9.150","ushpwfldhst01.williams.com"
" 10.27.9.160","bshpwews01.williams.com"
"10.27.9.111","wmstutrpt03.williams.com"
"10.27.9.114","tuldwmeskep02.williams.com"
"10.27.9.151","ushpwews01.williams.com"
"10.27.9.161","bshpwfldhst01.williams.com"
" 10.27.13.24","wmstutdes120.williams.com"
" 10.27.13.27","wmstutdes121.williams.com"
" 10.27.13.117","tuldwtrnda01.williams.com"
"10.27.13.25","wmstutdes119.williams.com"
"10.27.13.28","wmstutdes122.williams.com"
"10.27.13.118","tuldwtrnua01.williams.com"
" 10.27.13.241","tuldwtdes01.williams.com"
"10.27.13.242","tuldwtdes02.williams.com"
" 10.27.19.28","tulpwabat01.williams.com"
"10.27.19.29","tulpwabat02.williams.com"
" 10.27.19.55","tulpwautosv03.williams.com"
" 10.27.128.10","tulpwtrncls01.wmbs.io"
"10.27.19.56","tulpwautosv04.williams.com"
"10.27.128.11","tulpwtrncls02.wmbs.io"
" 10.27.129.50","tulpwgpacm01.wmbs.io"
" 10.27.129.55","tulpwgpkep01.wmbs.io"
"10.27.129.51","tulpwgpacm02.wmbs.io"
"10.27.129.56","tulpwgpkep02.wmbs.io"
" 10.27.150.55","tuldwacm01.wmbs.io"
" 10.27.150.70","tulpwtcls01.wmbs.io"
" 10.27.150.80","tuldwtdev01.wmbs.io"
" 10.27.151.10","tulswcls01.wmbssbx.io"
" 10.27.151.100","tulswsdc01.wmbssbx.io"
" 10.42.4.52","slcpwtrnvx03.wmbs.io"
"10.27.150.56","tuldwkep01.wmbs.io"
"10.27.150.71","tulpwtsim01.wmbs.io"
"10.27.150.81","tuldwtdev02.wmbs.io"
"10.27.151.11","tulswcls02.wmbssbx.io"
"10.27.151.101","wmbssbx.io"
"10.42.4.53","slcpwtrnvx04.wmbs.io"
" 10.90.97.40","NOT FOUND"
"10.90.97.41","NOT FOUND"
" 10.1.120.2","dilley-ftvsrv01.williams.com"
" 10.1.120.3","eafpwhmi02.williams.com"
" 10.1.120.4","eafpwhist01.williams.com"
" 10.26.1.97","tuldwsqlpi01.williams.com"
" 10.26.1.98","tuldwsqlpi02.williams.com"
" 10.26.1.99","tuldwpisql01.williams.com"
" 10.26.1.100","tulpwpisql01.williams.com"
" 10.26.1.101","tulpwpiaf01.williams.com"
" 10.26.1.102","tulpwpian01.williams.com"
" 10.26.1.103","tulpwpian02.williams.com"
" 10.26.1.104","tuldwpiaf01.williams.com"
" 10.26.1.105","tuldwpian01.williams.com"
" 10.26.1.106","tuldwpiap01.williams.com"
" 10.26.1.109","tulpwaut05.williams.com"
" 10.26.1.110","tulpwaut01.williams.com"
" 10.26.1.111","tulpwaut04.williams.com"
" 10.26.1.112","tuldwppweb01.williams.com"
" 10.26.1.113","tulpwppweb01.williams.com"
" 10.26.1.114","tuldwppapp01.williams.com"
" 10.26.1.119","tulpwftam01.williams.com"
" 10.26.1.120","tulpwpiaf03.williams.com"
" 10.26.1.121","tulpwpiaf04.williams.com"
" 10.26.1.122","tulpwpiaf05.williams.com"
" 10.26.1.123","tulpwpiaf06.williams.com"
" 10.26.1.124","tulpwpian03.williams.com"
" 10.26.1.125","tulpwpian04.williams.com"
" 10.26.1.126","tulpwpian05.williams.com"
" 10.26.1.127","tulpwpian06.williams.com"
" 10.26.1.142","NOT FOUND"
" 10.26.1.143","NOT FOUND"
" 10.26.1.144","NOT FOUND"
" 10.26.1.145","tuldwpiaf01n.williams.com"
" 10.26.1.146","oktulsntm1.williams.com"
" 10.26.1.164","NOT FOUND"
" 10.26.1.165","tulpwsqlpi01.williams.com"
" 10.26.1.166","tulpwpiap01.williams.com"
" 10.26.1.167","NOT FOUND"
" 10.26.1.184","tulpwpiaf05n.williams.com"
" 10.26.1.185","NOT FOUND"
" 10.26.1.186","NOT FOUND"
" 10.26.1.187","NOT FOUND"
" 10.26.1.188","tulpwbsm01.williams.com"
" 10.26.1.189","NOT FOUND"
" 10.26.1.191","tuldwbsm01.williams.com"
" 10.26.1.192","NOT FOUND"
" 10.26.1.193","tuldwxafc03.williams.com"
" 10.26.1.194","tulpwfc03.williams.com"
" 10.26.1.195","NOT FOUND"
" 10.26.1.196","tulqwfc03.williams.com"
" 10.26.1.197","tulpwxafc03.williams.com"
" 10.26.1.198","tulqwxafc03.williams.com"
" 10.26.1.199","NOT FOUND"
" 10.27.2.55","NOT FOUND"
" 10.27.2.56","NOT FOUND"
" 10.27.2.57","NOT FOUND"
" 10.27.2.58","NOT FOUND"
" 10.27.2.59","NOT FOUND"
" 10.27.2.122","tulpwviewx02.williams.com"
" 10.27.2.123","NOT FOUND"
" 10.27.2.124","NOT FOUND"
" 10.27.2.125","NOT FOUND"
" 10.27.2.126","NOT FOUND"
" 10.27.2.127","NOT FOUND"
" 10.27.2.128","NOT FOUND"
" 10.27.2.129","NOT FOUND"
" 10.27.2.130","NOT FOUND"
" 10.27.2.131","NOT FOUND"
" 10.27.2.132","NOT FOUND"
" 10.27.2.133","NOT FOUND"
" 10.27.2.134","NOT FOUND"
" 10.27.2.135","NOT FOUND"
" 10.27.2.136","NOT FOUND"
" 10.27.2.137","NOT FOUND"
" 10.27.2.138","NOT FOUND"
" 10.27.2.139","NOT FOUND"
" 10.27.2.140","NOT FOUND"
" 10.27.2.141","NOT FOUND"
" 10.27.2.142","NOT FOUND"
" 10.27.2.143","NOT FOUND"
" 10.27.2.150","NOT FOUND"
" 10.27.2.151","NOT FOUND"
" 10.27.2.152","NOT FOUND"
" 10.27.2.153","NOT FOUND"
" 10.27.2.160","NOT FOUND"
" 10.27.2.161","NOT FOUND"
" 10.27.2.162","NOT FOUND"
" 10.27.2.163","NOT FOUND"
" 10.27.2.164","NOT FOUND"
" 10.27.2.165","NOT FOUND"
" 10.27.2.166","NOT FOUND"
" 10.27.2.167","NOT FOUND"
" 10.27.9.10","tulpwasctr01.williams.com"
" 10.27.9.11","tulpwasagnt01.williams.com"
" 10.27.9.12","tulpwasagnt02.williams.com"
" 10.27.9.13","tulpwasagnt03.williams.com"
" 10.27.9.14","tulpwasagnt04.williams.com"
" 10.27.9.84","tulpwssus01.williams.com"
" 10.27.9.85","tulpwygav01.wmbics.com"
" 10.27.9.86","tulpwdvp01.wmbics.com"
" 10.27.13.10","wmstutdeveng01.williams.com"
" 10.27.13.11","wmstutdes111.williams.com"
" 10.27.13.12","wmstutdes112.williams.com"
" 10.27.13.13","wmstutdes113.williams.com"
" 10.27.13.14","wmstutdes114.williams.com"
" 10.27.13.15","wmstutdevkep01.williams.com"
" 10.27.13.16","wmstutdes115.williams.com"
" 10.27.13.17","wmstutdes116.williams.com"
" 10.27.13.18","wmstutdes117.williams.com"
" 10.27.13.19","wmstutdes118.williams.com"
" 10.27.13.216","tultwsimlds01.williams.com"
" 10.27.13.217","tultwsimvir01.williams.com"
" 10.27.13.218","tultwsimins01.williams.com"
" 10.27.13.220","wmstutdevopcda1.williams.com"
" 10.27.13.221","wmstutdevopcua1.williams.com"
" 10.27.13.222","wmstutdfcarts1.williams.com"
" 10.27.13.223","wmstutdrmarts1.williams.com"
" 10.27.13.224","wmstutdlmsrts1.williams.com"
" 10.27.13.228","wmstutdts01.williams.com"
" 10.27.13.229","wmstutstdc02"
" 10.27.13.230","wmstutstdc01"
" 10.27.19.20","tulpwsqlscas01.williams.com"
" 10.27.19.21","tulpwsqlscas02.williams.com"
" 10.27.19.22","tuldwsqlscas01.williams.com"
" 10.27.19.50","tulpwautsv00.williams.com"
" 10.27.19.51","tulpwautosv01.williams.com"
" 10.27.19.52","tulpwautosv02.williams.com"
" 10.27.19.53","tulpwautsv01.williams.com"
" 10.27.128.30","tulpwgpcls01.wmbs.io"
" 10.27.128.31","tulpwgpcls02.wmbs.io"
" 10.27.128.32","tulpwgpcls03.wmbs.io"
" 10.27.128.99","tulpwscert01.wmbs.io"
" 10.27.128.100","wmbs.io"
" 10.27.128.101","tulpwsdc02.wmbs.io"
" 10.27.129.15","tulpwtrnkep01.wmbs.io"
" 10.27.129.16","tulpwtrnkep02.wmbs.io"
" 10.27.129.17","tulpwtrnkpx01.wmbs.io"
" 10.27.129.18","tulpwgpkpx01.wmbs.io"
" 10.27.129.19","tulpwlqacm01.wmbs.io"
" 10.27.150.40","tuldwsesi01.wmbs.io"
" 10.27.150.41","tuldwsesi02.wmbs.io"
" 10.27.150.42","tuldwsesi03.wmbs.io"
" 10.27.150.43","tuldwsesi04.wmbs.io"
" 10.90.96.30","NOT FOUND"
" 10.90.96.31","NOT FOUND"
" 10.90.96.32","NOT FOUND"
" 10.90.96.33","NOT FOUND"
" 10.90.96.41","NOT FOUND"
" 10.90.96.42","NOT FOUND"
" 10.90.96.43","NOT FOUND"
" 10.90.96.44","NOT FOUND"
" 10.90.96.45","NOT FOUND"
" 10.90.98.20","NOT FOUND"
" 10.90.98.21","NOT FOUND"
" 10.90.98.22","scadaprd06.williams.com"
" 10.90.98.23","okcpscadaopc10.accessmidstream.net"
" 10.90.98.33","NOT FOUND"
" 10.90.98.34","NOT FOUND"
" 10.90.98.35","NOT FOUND"
" 10.90.98.50","NOT FOUND"
" 10.90.98.51","NOT FOUND"
" 10.90.99.19","okcpscadardp01.williams.com"
" 10.90.99.20","NOT FOUND"
" 10.90.99.21","scadaprd04.williams.com"
" 10.90.99.22","scadaprd05.williams.com"
" 10.90.99.30","NOT FOUND"
" 10.90.99.31","NOT FOUND"
" 10.90.198.46","NOT FOUND"
" 10.90.198.47","NOT FOUND"
" 10.92.50.151","NOT FOUND"
" 10.92.50.152","adminpc1.williams.com"
" 10.93.42.19","NOT FOUND"
" 10.93.42.20","NOT FOUND"
" 10.93.42.147","NOT FOUND"
" 10.93.42.148","NOT FOUND"
" 10.93.52.203","bh_webserver.accessmidstream.net"
" 10.93.52.204","NOT FOUND"
" 10.93.52.205","NOT FOUND"
" 10.93.52.206","NOT FOUND"
" 10.93.133.196","srspwhis01.williams.com"
" 10.93.133.197","srspwvp01.williams.com"
" 10.101.77.37","NOT FOUND"
" 10.101.77.38","NOT FOUND"
" 10.102.20.140","hrm-intouch.williams.com"
" 10.102.20.141","hrm-hist.williams.com"
" 10.102.20.142","hrm-intouch2.williams.com"
" 10.102.84.33","stn0260.williams.com"
" 10.102.84.34","vtsapp0259.williams.com"
" 10.102.84.35","prm0258.williams.com"
" 10.102.85.12","NOT FOUND"
" 10.102.85.13","wmsovmfrachmi1.williams.com"
" 10.102.85.175","NOT FOUND"
" 10.102.85.176","NOT FOUND"
" 10.104.45.49","NOT FOUND"
" 10.104.45.50","NOT FOUND"
" 10.104.100.30","NOT FOUND"
" 10.104.100.31","NOT FOUND"
" 10.104.100.32","NOT FOUND"
" 10.104.100.76","NOT FOUND"
" 10.104.100.77","NOT FOUND"
" 10.104.100.80","NOT FOUND"
" 10.104.100.81","NOT FOUND"
" 10.104.100.82","NOT FOUND"
" 10.104.100.83","NOT FOUND"
" 10.104.100.84","NOT FOUND"
" 10.104.146.11","wvbee-elynx-slave.williams.com"
" 10.104.146.12","beeler_wonderware.williams.com"
" 10.104.146.13","wmsovmblrhmi1.williams.com"
" 10.104.146.29","wmsovmfbgpeng2.williams.com"
" 10.104.146.30","wmsovmfbgpeng1.williams.com"
" 10.104.146.148","wmsovmfbgpdas1.williams.com"
" 10.104.146.149","wmsovmfbgpdas2.williams.com"
" 10.104.146.150","wmsovmfbgphmi1.williams.com"
" 10.104.146.151","wmsovmfbgphmi2.williams.com"
" 10.104.146.152","wmsovmfbgphmi3.williams.com"
" 10.104.146.153","wmsovmfbgphmi4.williams.com"
" 10.104.156.101","wmsovmfbgphst1.williams.com"
" 10.104.156.102","wmsovmfbgpts1.williams.com"
" 10.104.156.103","blrpwpicol01.williams.com"
" 10.104.156.104","blrpwsql01.williams.com"
" 10.104.172.174","NOT FOUND"
" 10.104.172.175","NOT FOUND"
" 10.105.132.9","dnvpwhv01.williams.com"
" 10.105.132.10","pchpwhv01.williams.com"
" 10.105.132.17","pchpwdp02.williams.com"
" 10.105.132.18","wmspchfps02.williams.com"
" 10.105.201.26","wgphminj203staa.williams.com"
" 10.105.201.27","wgphminj203emd.williams.com"
" 10.107.161.29","wgphmipa196staa.williams.com"
" 10.107.161.30","wgphmipa196tur.williams.com"
" 10.108.42.8","NOT FOUND"
" 10.108.42.9","cwypwvp01.williams.com"
" 10.108.46.171","cwypweapp01.williams.com"
" 10.108.46.172","cwypwehmi01.wmbics.com"
" 10.108.46.173","cwypwwapp01.williams.com"
" 10.108.46.174","cwypwwhmi01.williams.com"
" 10.108.46.175","cwypwgr01.williams.com"
" 10.108.46.176","cwypwhist01.wmbics.com"
" 10.108.46.177","cwydwplc01.wmbics.com"
" 10.108.46.178","cwydwdev01.williams.com"
" 10.108.46.179","cwypwlink01.williams.com"
" 10.108.46.180","cwypwthin01.wmbics.com"
" 10.108.46.182","cwywshmi03.wmbics.com"
" 10.108.46.183","cwywshmi01.wmbics.com"
" 10.108.46.184","cwywshmi02.wmbics.com"
" 10.108.46.185","cwywshmi04.wmbics.com"
" 10.108.46.186","cwywshmi05.wmbics.com"
" 10.108.46.187","cwywshmi06.wmbics.com"
" 10.108.46.189","cwypwintkp01.wmbics.com"
" 10.108.46.190","cwypwintkp02.wmbics.com"
" 10.108.46.200","cwypwmapp01.wmbics.com"
" 10.108.46.201","cwypwmhmi01.wmbics.com"
" 10.108.46.252","NOT FOUND"
" 10.108.46.253","cwypwww02.williams.com.williams.com"
" 10.108.165.59","lmm-shamturbine.williams.com"
" 10.108.165.60","NOT FOUND"
" 10.108.193.140","willcantaral.williams.com"
" 10.108.193.141","cantintouch.williams.com"
" 10.108.193.142","lmm-cantintouch.williams.com"
" 10.108.193.143","lmm-cantaral.williams.com"
" 10.109.4.33","vtsportal01.williams.com"
" 10.109.4.34","NOT FOUND"
" 10.109.4.35","his0159.williams.com"
" 10.109.4.36","his0157.williams.com"
" 10.109.32.27","moupwvid02.williams.com"
" 10.109.32.28","moupwvid03.williams.com"
" 10.109.177.13","wgphminc157staa.williams.com"
" 10.109.177.14","wgphmic157stab.williams.com"
" 10.109.177.15","wgphminc157stac.williams.com"
" 10.111.209.23","wgphmiva166staa.williams.com"
" 10.111.209.24","wgphmiva166tur.williams.com"
" 10.112.52.20","harrisonlab1.williams.com"
" 10.112.52.21","harrisonlab2.williams.com"
" 10.112.52.22","harrisonlab4.williams.com"
" 10.138.38.14","wgphmitx023tur.williams.com"
" 10.138.38.15","wgphmitx023staa.williams.com"
" 10.139.4.16","NOT FOUND"
" 10.139.4.17","NOT FOUND"
" 10.139.96.15","hanpwhmi01.williams.com"
" 10.139.96.16","NOT FOUND"
" 10.140.33.22","wgphmial084staa.williams.com"
" 10.140.33.23","wgphmial084tur.williams.com"
" 10.140.181.23","wgphmiga116staa.williams.com"
" 10.140.181.24","wgphmiga116tur.williams.com"
" 10.140.184.16","NOT FOUND"
" 10.140.184.17","NOT FOUND"
" 10.141.18.12","wgphouhmia.williams.com"
" 10.141.18.13","wgphminj240stab.williams.com"
" 10.141.113.10","evt-scada1.williams.com"
" 10.141.113.11","evnpwtrnvx02.wmbs.io"
" 10.201.1.24","wmsdcxopc01.williams.com"
" 10.201.1.25","wmsdcxlmsopcda1.williams.com"
" 10.201.1.26","wmsdcxlmsopcua1.williams.com"
" 10.201.1.27","wmsdcxgasopcda1.williams.com"
" 10.201.1.28","wmsdcxgasopcua1.williams.com"
" 10.201.1.111","wmsdcxrmarts1.williams.com"
" 10.201.1.112","wmsdcxrmarts2.williams.com"
" 10.201.1.115","wmsdcxfcarts1.williams.com"
" 10.201.1.116","wmsdcxfcarts2.williams.com"
" 10.201.1.119","wmsdcxlmsrts1.williams.com"
" 10.201.1.120","wmsdcxlmsrts2.williams.com"
" 10.201.1.163","wmsdcxrmahis1.williams.com"
" 10.201.1.164","wmsdcxrmahis2.williams.com"
" 10.201.1.168","wmsdcxfcahis1.williams.com"
" 10.201.1.169","wmsdcxfcahis2.williams.com"
" 10.201.1.172","wmsdcxlmshis1.williams.com"
" 10.201.1.173","wmsdcxlmshis2.williams.com"
" 10.201.1.197","NOT FOUND"
" 10.201.1.198","NOT FOUND"
" 10.201.2.179","wmsdcxmsvmc01.williams.com"
" 10.201.2.180","dcxpwpicscol01.williams.com"
" 10.201.2.185","dcxpwacm01.williams.com"
" 10.201.2.186","dcxpwacm02.williams.com"
" 10.248.98.10","sshpwapp01.williams.com"
" 10.248.98.11","sshpwapp02.williams.com"
" 10.248.98.13","sshpwfldhst01.williams.com"
" 10.248.98.14","sshpwwwdev01.williams.com"
" 10.248.98.15","sshpwwis01.williams.com"
" 10.248.98.25","pitpwac01.williams.com"
" 10.248.98.26","wmsovmapp01.williams.com"
" 10.248.98.27","wmsovmapp02.williams.com"
" 10.248.98.28","wmsovmfldhst01.williams.com"
" 10.248.98.45","willobj.williams.com"
" 10.248.98.46","tulpwwspapp01.wmbics.com"
" 10.248.98.47","tulpwwspapp02.wmbics.com"
" 10.248.98.48","tulpwwsphst01.wmbics.com"
" 10.248.98.49","tulpwwspts01.williams.com"
" 10.248.98.50","tuldwwspdev01.wmbics.com"
" 10.248.98.51","sshpwopshmi.williams.com"
" 10.248.98.52","NOT FOUND"
" 150.200.102.37","wgphmial100stab.williams.com"
" 150.200.102.38","wgphmial100stac.williams.com"
" 150.200.104.61","wgphouhmi030u01.wmbics.com"
" 150.200.104.62","wgphouhmi030u02.wmbics.com"
" 150.200.104.65","wgphouhmi030u05.wmbics.com"
" 150.200.104.66","wgphouhmi030u06.wmbics.com"
" 150.200.104.67","wgphouhmi030u07.wmbics.com"
" 150.200.112.51","wgphmims070stab.williams.com"
" 150.200.112.52","wgphmims070stac.williams.com"
" 150.200.117.116","wgphouhmi140u01.williams.com"
" 150.200.117.117","wgphouhmi140u02.wmbics.com"
" 150.200.117.118","wgphouhmi140u03.williams.com"
" 150.200.117.120","wgphouhmi140u05.williams.com"
" 150.200.117.121","wgphouhmi140u06.williams.com"
" 150.200.117.122","wgphouhmi140u07.williams.com"
" 150.200.117.123","wgphouhmi140u08.williams.com"
" 150.200.117.124","wgphouhmi140u09.williams.com"
" 150.200.117.125","wgphouhmi140u10.williams.com"
" 150.200.117.126","wgphouhmi140u11.williams.com"
" 150.200.117.127","wgphouhmi140u12.williams.com"
" 150.200.117.128","wgphouhmi140u13.williams.com"
" 150.200.121.159","ncrei160hmiunit9.williams.com"
" 150.200.121.160","ncrei160hmiunit10.williams.com"
" 150.200.121.161","wgphouhmi160u11.williams.com"
" 150.200.121.162","wgphouhmi160u12.williams.com"
" 150.200.121.163","ncrei160hmiunit13.williams.com"
" 150.200.121.164","ncrei160hmiunit14.williams.com"
" 150.200.121.165","wgphouhmi160u15.williams.com"
" 150.200.126.108","wgphouhmi180u08.wmbics.com"
" 150.200.126.109","wgphouhmi180u09.williams.com"
" 150.200.126.110","wgphouhmi180u10.williams.com"
" 161.245.25.182","wgphmiutslcnad.wmbics.com"
" 161.245.25.183","NOT FOUND"
" 161.245.126.11","NOT FOUND"
" 161.245.126.12","NOT FOUND"
" 161.245.150.40","wgphmiwaplystaa.williams.com"
" 161.245.150.41","wgphmiwaplystab.williams.com"
" 161.245.150.55","wgphmiwaplylnga.williams.com"
" 161.245.150.56","wgphmiwaplylngb.williams.com"
" 161.245.150.200","wgpslcply.williams.com"
" 161.245.150.201","plypwhv01.williams.com"
" 161.245.192.40","wgphmiwamtvstaa.wmbics.com"
" 161.245.192.41","wgphmiwamtvstab.wmbics.com"
" 161.245.194.11","NOT FOUND"
" 161.245.194.12","NOT FOUND"
" 161.245.254.87","NOT FOUND"
" 161.245.254.88","NOT FOUND"
" 161.245.254.89","NOT FOUND"
" 172.20.19.137","wmsmarcol1.williams.com"
" 172.20.19.138","marpwpicol01.williams.com"
" 172.20.19.208","wgphmitxmarctr2.wmbics.com"
" 172.20.19.209","wgphmitx024cryo.wmbics.com"
" 172.20.19.229","NOT FOUND"
" 172.20.19.230","NOT FOUND"
" 172.20.19.231","wgphmitxmarlab.wmbics.com"
" 172.20.33.20","wgphmila062staa.williams.com"
" 172.20.33.21","wgphmila062stab.williams.com"
" 172.20.33.22","wgphmila062ofsh.williams.com"
" 172.22.76.26","his0253.williams.com"
" 172.22.76.27","NOT FOUND"
" 172.22.77.52","NOT FOUND"
" 172.22.77.53","NOT FOUND"
" 172.22.77.54","NOT FOUND"
" 172.22.77.55","NOT FOUND"
" 172.22.77.56","dhcp-172-22-77-56.williams.com"
" 172.22.77.57","NOT FOUND"
" 172.22.77.212","stn0359.williams.com"
" 172.22.77.213","stn0361.williams.com"
" 172.22.137.31","wmsopacol1.williams.com"
" 172.22.137.32","opapwpicol01.williams.com"
" 172.26.142.44","wmssysadtr.williams.com"
" 172.26.142.45","NOT FOUND"
" 172.26.190.87","NOT FOUND"
" 172.26.190.88","NOT FOUND"
" 172.26.190.89","NOT FOUND"
" 172.26.191.51","wmstutfcahis1.williams.com"
" 172.26.191.52","wmstutfcahis2.williams.com"
" 172.26.191.53","tuldwesi01.williams.com"
" 172.26.191.55","wmstutrmahis1.williams.com"
" 172.26.191.56","wmstutrmahis2.williams.com"
" 172.26.191.57","wmstutqhis1.williams.com"
" 172.26.191.58","wmstutqhis2.williams.com"
" 172.26.191.59","wmstutlmshis1.williams.com"
" 172.26.191.60","wmstutlmshis2.williams.com"
" 172.26.191.76","wmstutqlmsrts1.williams.com"
" 172.26.191.77","wmstutqlmsrts2.williams.com"
" 172.26.191.78","wmstutqfcarts1.williams.com"
" 172.26.191.79","wmstutqfcarts2.williams.com"
" 172.26.191.80","wmstutqlmsmts01.williams.com"
" 172.26.191.84","wmstutqfcamts01.williams.com"
" 172.26.191.85","wmstutqrmamts01.williams.com"
" 172.26.191.88","wmstuteng2.williams.com"
" 172.26.191.89","wmstutqrmarts1.williams.com"
" 172.26.191.90","wmstutqrmarts2.williams.com"
" 172.26.191.101","wmstutsdc01"
" 172.26.191.102","wmstutsdc02"
" 172.26.191.111","wmstutrmarts1.williams.com"
" 172.26.191.112","wmstutrmarts2.williams.com"
" 172.26.191.115","wmstutfcarts1.williams.com"
" 172.26.191.116","wmstutfcarts2.williams.com"
" 172.26.191.119","wmstutlmsrts1.williams.com"
" 172.26.191.120","wmstutlmsrts2.williams.com"
" 172.26.191.121","NOT FOUND"
" 172.26.191.122","tulpwalm01.williams.com"
" 172.26.191.127","tulpwesi02.williams.com"
" 172.26.191.128","tulpwesi01.williams.com"
" 172.26.191.172","NOT FOUND"
" 172.26.191.173","NOT FOUND"
" 172.26.191.192","wmstutxos119.williams.com"
" 172.26.191.193","wmstutxos120.williams.com"
" 172.26.191.194","wmstutxos121.williams.com"
" 172.26.191.195","wmstutxos122.williams.com"
" 172.26.191.201","wmstutxos115.williams.com"
" 172.26.191.202","wmstutdes102.williams.com"
" 172.26.191.203","wmstutdes103.williams.com"
" 172.26.191.204","wmstutdes104.williams.com"
" 172.26.191.205","wmstutdes105.williams.com"
" 172.26.191.206","wmstutdes106.williams.com"
" 172.26.191.207","wmstutdes107.williams.com"
" 172.26.191.208","wmstutxos100.williams.com"
" 172.26.191.209","wmstutrmamts01.williams.com"
" 172.26.191.211","wmstutlmsmts01.williams.com"
" 172.26.191.212","wmstutfcamts01.williams.com"
" 172.26.191.213","wmstutxos103.williams.com"
" 172.26.191.214","wmstutxos104.williams.com"
" 172.26.191.216","wmstutdes108.williams.com"
" 172.26.191.217","wmstutdes109.williams.com"
" 172.26.191.225","wmstutlmsopcda1.williams.com"
" 172.26.191.226","wmstutlmsopcua1.williams.com"
" 172.26.191.227","wmstutgasopcda1.williams.com"
" 172.26.191.228","wmstutgasopcua1.williams.com"
" 172.26.191.230","NOT FOUND"
" 172.26.191.231","wmstutdes110.williams.com"
" 172.26.191.241","NOT FOUND"
" 172.26.191.242","NOT FOUND"
" 172.26.191.243","NOT FOUND"
" 172.26.191.246","wmstuttdsmts01.williams.com"
" 172.26.191.247","NOT FOUND"
" 172.26.192.16","tulpwacm01.williams.com"
" 172.26.192.17","tulpwacm02.williams.com"
" 172.26.192.18","tulpwacmsql01.williams.com"
" 172.26.192.85","wmstutab03.williams.com"
" 172.26.192.86","wmstutab04.williams.com"
" 172.26.192.112","wmstutacm01.williams.com"
" 172.26.192.113","wmstutacm02.williams.com"
" 172.26.192.114","wmstutdacm01.williams.com"
" 172.26.192.115","wmstutalm3.williams.com"
" 172.26.192.126","tulpwab04.williams.com"
" 172.26.192.127","tulpwab03.williams.com"
" 172.26.192.132","NOT FOUND"
" 172.26.192.133","tultwab04.williams.com"
" 172.26.192.151","wmstutdssmts02.williams.com"
" 172.26.192.152","wmstutsql01.williams.com"
" 172.26.192.154","wmstutsql02.williams.com"
" 172.26.192.155","wmstutsql03.williams.com"
" 172.26.192.156","wmstutdssmts01.williams.com"
" 172.26.192.157","wmstutsqladm03.williams.com"
" 172.26.192.158","wmstutsqladm02.williams.com"
" 172.26.192.159","wmstutsqladm01.williams.com"
" 172.26.192.176","NOT FOUND"
" 172.26.192.177","wmstutrmagas2.williams.com"
" 172.26.192.178","wmstutdevldp1.williams.com"
" 172.26.192.179","NOT FOUND"
" 172.26.192.180","wmstutfcagas2.williams.com"
" 172.26.192.193","NOT FOUND"
" 172.26.192.194","wmstutbkr2.williams.com"
" 172.26.192.199","wmstutab01.williams.com"
" 172.26.192.200","wmstutab02.williams.com"
" 172.26.192.205","NOT FOUND"
" 172.26.192.206","wmstutsup08.williams.com"
" 172.26.192.207","wmstutsup7.williams.com"
" 172.26.192.211","wmstutalm1.williams.com"
" 172.26.192.212","wmstutalm2.williams.com"
" 172.26.192.215","wmstutmidp.williams.com"
" 172.26.192.216","wmstutmidq.williams.com"
" 172.26.192.221","tultwtpkep01.williams.com"
" 172.26.192.222","tultwtpacm01.williams.com"
" 172.26.192.223","tultwtpcls01.williams.com"
" 172.26.192.224","tultwtpcls03.williams.com"
" 172.30.7.20","tgpl-pccpam.williams.com"
" 172.30.7.21","tgpl-pccpam01.williams.com"
" 172.30.7.22","NOT FOUND"
" 172.30.7.31","NOT FOUND"
" 172.30.7.32","tgpl-pccrts2.williams.com"
" 172.30.7.35","NOT FOUND"
" 172.30.7.36","tgpl-pccrxs2.williams.com"
" 172.30.7.37","tgpl-pcceng1.williams.com"
" 172.30.7.38","NOT FOUND"
" 172.30.7.39","NOT FOUND"
" 172.30.7.40","NOT FOUND"
" 172.30.7.61","tgpl-pccdc01.williams.com"
" 172.30.7.62","tgpl-pccdc02.williams.com"
" 172.30.7.63","tgpl-pccdc2.williams.com"
" 172.30.7.70","tgpl-pcchis1.williams.com"
" 172.30.7.71","tgpl-pcchis2.williams.com"
" 172.30.8.32","pccweb.williams.com"
" 172.30.8.33","tgplhoudss2.williams.com"
" 172.30.8.34","tgplscadagas.williams.com"
" 172.30.9.31","tgpl-bccrts1.williams.com"
" 172.30.9.32","tgpl-bccrts2.williams.com"
" 172.30.9.35","tgpl-bccrx1.williams.com"
" 172.30.9.36","tgpl-bccrx2.williams.com"
" 172.30.9.107","NOT FOUND"
" 172.30.9.108","NOT FOUND"
" 172.30.187.29","wgphmifl420stab.williams.com"
" 172.30.187.30","wgphmifl420staa.williams.com"
" 172.31.36.203","wgphouhmi170u03.wmbics.com"
" 172.31.36.204","wgphouhmi170u04.wmbics.com"
" 172.31.36.205","wgphouhmi170u05.wmbics.com"
" 172.31.36.206","wgphouhmi170u06.wmbics.com"
" 172.31.36.207","wgphouhmi170u07.wmbics.com"
" 172.31.36.208","wgphouhmi170u08.wmbics.com"
" 172.31.36.209","wgphouhmi170u09.wmbics.com"
" 172.31.36.210","wgphouhmi170u10.wmbics.com"
" 172.31.36.211","wgphouhmi170u11.williams.com"
" 172.31.90.20","wgphmial090staa.williams.com"
" 172.31.90.21","wgphmial090tur.williams.com"
" 172.31.111.29","wgphmial410rr.wmbics.com"
" 172.31.111.30","wgphmial410ide.wmbics.com"
" 172.31.111.31","wgphmial410his.wmbics.com"
" 172.31.111.32","wgphmial410rds1.wmbics.com"
" 172.31.111.33","wgphmial410rds2.wmbics.com"
" 172.31.111.34","wgphmial410aos1.wmbics.com"
" 172.31.111.35","wgphmial410aos2.wmbics.com"
" 172.31.111.111","wgphmial410pc1.wmbics.com"
" 172.31.111.112","wgphmial410pc2.wmbics.com"
" 172.31.114.206","wgphouhmi120u06.williams.com"
" 172.31.114.207","wgphouhmi120u07.williams.com"
" 172.31.120.9","wgphouhmi150a.williams.com"
" 172.31.120.10","wgphminc150og.williams.com"
" 172.31.120.209","wgphouhmi150u09.williams.com"
" 172.31.120.210","wgphouhm150u10.williams.com"
" 172.31.120.211","wgphouhm150u11.williams.com"
" 172.31.120.212","wgphouhmi150u12.wmbics.com"
" 172.31.120.213","wgphouhmi150u13.williams.com"
" 172.31.120.214","wgphouhmi150a14.williams.com"
" 172.31.120.215","wgphouhmi150u15.williams.com"
" 172.31.123.117","vachh165ahmi.williams.com"
" 172.31.123.118","vachh165solarworkstation.williams.com"
" 172.31.128.201","NOT FOUND"
" 172.31.128.202","wgphouhmi185u02.williams.com"
" 172.31.128.207","wgphouhmi185u07.williams.com"
" 172.31.128.208","NOT FOUND"
" 172.31.128.209","wgphouhmi185u09.williams.com"
" 172.31.128.210","wgphouhmi185u10.williams.com"
" 172.31.131.9","wgphmipa200staa.williams.com"
" 172.31.131.10","wgphmipa200stab.williams.com"
" 172.31.135.121","wgphmial110t17.williams.com"
" 172.31.135.122","alwdl110auxgen.williams.com"
" 172.31.135.201","wgphouhmi110u01.wmbics.com"
" 172.31.135.202","wgphouhmi110u02.wmbics.com"
" 172.31.135.203","wgphouhmi110u03.wmbics.com"
" 172.31.135.204","wgphouhmi110u04.williams.com"
" 172.31.135.205","wgphouhmi110u05.williams.com"
" 172.31.135.206","wgphouhmi110u06.wmbics.com"
" 172.31.135.207","wgphouhmi110u07.williams.com"
" 172.31.135.208","wgphouhmi110u08.williams.com"
" 172.31.135.209","wgphouhmi110u09.wmbics.com"
" 172.31.135.210","wgphouhmi110u10.wmbics.com"
" 172.31.135.211","wgphouhmi110u11.williams.com"
" 172.31.135.212","wgphouhmi110u12.williams.com"
" 172.31.135.213","wgphouhmi110u13.wmbics.com"
" 172.31.135.214","wgphouhmi110u14.wmbics.com"
" 172.31.145.201","wgphouhmi035u01.williams.com"
" 172.31.145.202","wgphouhmi035u02.williams.com"
" 172.31.221.181","NOT FOUND"
" 172.31.221.182","NOT FOUND"
" 172.31.221.183","NOT FOUND"
" 172.31.221.184","NOT FOUND"
" 172.31.221.185","NOT FOUND"
" 172.31.221.186","NOT FOUND"
" 172.31.221.187","wgphouhmi060u07.wmbics.com"
" 172.31.221.188","NOT FOUND"
" 172.31.221.189","NOT FOUND"
" 172.31.221.190","NOT FOUND"
" 172.31.227.15","wgphminj505staa.williams.com"
" 172.31.227.16","wgphminjcntstaa.williams.com"
" 172.31.236.201","NOT FOUND"
" 172.31.236.202","wgphouhmi065u02.williams.com"
" 172.31.236.203","wgphouhmi065u03.williams.com"
" 172.31.237.15","wgphmipa515staa.williams.com"
" 172.31.237.16","wgphmipa515stab.williams.com"
" 172.31.237.63","wgphmipa515stac.williams.com"
" 172.31.237.64","wgphmipa515tur8.williams.com"
" 192.168.101.3","NOT FOUND"
" 192.168.101.4","NOT FOUND"
" 192.168.101.5","NOT FOUND"
